pair,strategy,direction,entry_time,exit_time,entry,stop_loss,take_profit,exit_price,profit_pips,profit,exit_reason,confidence,risk_pct,position_size,commission,slippage
AUDCAD,mean_reversion,buy,2025-06-05 00:00:00+00:00,2025-06-05 01:00:00+00:00,0.88634,0.88587,0.88728,0.88728,9.37,5.64,take_profit,80.0,3,0.06,0.36,0.34
AUDCAD,mean_reversion,buy,2025-06-23 00:00:00+00:00,2025-06-23 00:45:00+00:00,0.88417,0.88354,0.88543,0.88354,-6.32,-3.33,stop_loss,80.0,3,0.04,0.24,0.23
AUDCAD,mean_reversion,buy,2025-06-23 00:45:00+00:00,2025-06-23 01:15:00+00:00,0.88306,0.88231,0.88456,0.88456,15.03,6.34,take_profit,90.0,3,0.04,0.24,0.23
AUDCAD,mean_reversion,buy,2025-06-23 00:15:00+00:00,2025-06-23 01:30:00+00:00,0.88365,0.88297,0.88502,0.88502,13.67,5.72,take_profit,80.0,3,0.04,0.24,0.23
AUDCAD,mean_reversion,buy,2025-06-23 00:30:00+00:00,2025-06-23 01:30:00+00:00,0.88368,0.88297,0.88511,0.88511,14.25,5.98,take_profit,70.0,3,0.04,0.24,0.23
AUDCAD,mean_reversion,buy,2025-07-17 05:30:00+00:00,2025-07-17 07:45:00+00:00,0.88831,0.88757,0.88978,0.88978,14.74,6.17,take_profit,80.0,3,0.04,0.24,0.23
AUDCAD,mean_reversion,buy,2025-07-17 05:00:00+00:00,2025-07-17 08:30:00+00:00,0.88885,0.88808,0.89038,0.89038,15.33,6.44,take_profit,90.0,3,0.04,0.24,0.23
AUDCAD,mean_reversion,buy,2025-07-17 05:15:00+00:00,2025-07-17 08:30:00+00:00,0.8887,0.88795,0.89021,0.89021,15.05,6.31,take_profit,80.0,3,0.04,0.24,0.23
AUDCAD,mean_reversion,buy,2025-10-06 00:00:00+00:00,2025-10-06 01:00:00+00:00,0.91852,0.91796,0.91965,0.91965,11.27,7.79,take_profit,100,3,0.07,0.42,0.38
AUDCAD,mean_reversion,buy,2025-10-06 00:15:00+00:00,2025-10-06 01:00:00+00:00,0.91877,0.91818,0.91996,0.91996,11.89,7.08,take_profit,80.0,3,0.06,0.36,0.33
AUDCAD,mean_reversion,buy,2025-12-08 00:15:00+00:00,2025-12-08 01:15:00+00:00,0.91662,0.91608,0.91771,0.91771,10.89,8.59,take_profit,70.0,3,0.08,0.48,0.44
AUDCAD,mean_reversion,buy,2025-12-08 00:45:00+00:00,2025-12-08 01:15:00+00:00,0.9164,0.9158,0.91761,0.91761,12.05,8.4,take_profit,70.0,3,0.07,0.42,0.38
AUDCAD,mean_reversion,buy,2025-12-08 00:00:00+00:00,2025-12-08 01:30:00+00:00,0.91691,0.91639,0.91795,0.91795,10.45,8.2,take_profit,80.0,3,0.08,0.48,0.44
AUDCAD,mean_reversion,buy,2025-12-11 05:45:00+00:00,2025-12-11 11:45:00+00:00,0.91669,0.91594,0.91819,0.91819,14.96,10.62,take_profit,70.0,3,0.07,0.42,0.38
AUDCAD,mean_reversion,buy,2025-12-29 00:00:00+00:00,2025-12-29 00:15:00+00:00,0.9149,0.91445,0.91581,0.91581,9.05,10.5,take_profit,90.0,3,0.12,0.72,0.66
AUDCAD,mean_reversion,buy,2026-01-19 00:00:00+00:00,2026-01-19 01:00:00+00:00,0.92771,0.92719,0.92875,0.92875,10.38,11.05,take_profit,90.0,3,0.11,0.66,0.59
AUDCAD,mean_reversion,buy,2026-01-19 00:15:00+00:00,2026-01-19 01:00:00+00:00,0.92779,0.92728,0.92882,0.92882,10.28,10.93,take_profit,80.0,3,0.11,0.66,0.59
AUDCAD,mean_reversion,buy,2026-03-02 00:00:00+00:00,2026-03-02 01:00:00+00:00,0.96111,0.95976,0.96381,0.96381,27.04,13.51,take_profit,100,3,0.05,0.3,0.26
AUDCAD,mean_reversion,buy,2026-03-02 00:15:00+00:00,2026-03-02 01:00:00+00:00,0.96208,0.96067,0.96489,0.96489,28.14,14.06,take_profit,100,3,0.05,0.3,0.26
AUDCAD,mean_reversion,buy,2026-03-02 00:30:00+00:00,2026-03-02 01:00:00+00:00,0.96228,0.96088,0.96508,0.96508,28.0,13.99,take_profit,70.0,3,0.05,0.3,0.26
AUDCAD,mean_reversion,buy,2026-03-09 00:00:00+00:00,2026-03-09 01:15:00+00:00,0.94983,0.94866,0.95218,0.94866,-11.74,-8.09,stop_loss,90.0,3,0.06,0.36,0.32
AUDCAD,mean_reversion,buy,2026-03-23 00:15:00+00:00,2026-03-23 01:15:00+00:00,0.9591,0.9579,0.9615,0.9615,23.99,14.34,take_profit,90.0,3,0.06,0.36,0.31
AUDCAD,mean_reversion,buy,2026-04-13 00:00:00+00:00,2026-04-13 01:00:00+00:00,0.97015,0.96889,0.97267,0.97267,25.17,14.9,take_profit,100,3,0.06,0.36,0.31
AUDCAD,mean_reversion,buy,2026-04-13 00:15:00+00:00,2026-04-13 01:30:00+00:00,0.97085,0.96958,0.97338,0.97338,25.31,14.98,take_profit,100,3,0.06,0.36,0.31
AUDCAD,mean_reversion,buy,2026-04-13 00:30:00+00:00,2026-04-13 01:30:00+00:00,0.97097,0.96972,0.97346,0.97346,24.92,14.73,take_profit,90.0,3,0.06,0.36,0.31
AUDCAD,mean_reversion,buy,2026-04-20 00:00:00+00:00,2026-04-20 00:45:00+00:00,0.97549,0.97435,0.97777,0.97435,-11.42,-10.26,stop_loss,100,3,0.08,0.48,0.41
AUDCAD,mean_reversion,buy,2026-04-20 00:15:00+00:00,2026-04-20 01:00:00+00:00,0.97478,0.97362,0.97709,0.97709,23.13,18.09,take_profit,100,3,0.08,0.48,0.41
AUDCAD,mean_reversion,buy,2026-04-20 00:30:00+00:00,2026-04-20 01:00:00+00:00,0.97464,0.9735,0.97692,0.97692,22.82,17.84,take_profit,100,3,0.08,0.48,0.41
AUDCAD,mean_reversion,buy,2026-04-27 00:15:00+00:00,2026-04-27 00:30:00+00:00,0.97473,0.97408,0.97604,0.97604,13.09,18.47,take_profit,80.0,3,0.15,0.9,0.77
AUDCAD,mean_reversion,buy,2026-05-21 05:00:00+00:00,2026-05-21 05:15:00+00:00,0.97921,0.97837,0.98088,0.97837,-8.37,-12.56,stop_loss,80.0,3,0.13,0.78,0.66
AUDCAD,mean_reversion,buy,2026-06-29 00:30:00+00:00,2026-06-29 01:00:00+00:00,0.97688,0.97639,0.97786,0.97786,9.75,18.63,take_profit,70.0,3,0.21,1.26,1.07
AUDCAD,mean_reversion,buy,2026-07-20 00:00:00+00:00,2026-07-20 00:45:00+00:00,0.97533,0.97474,0.97651,0.97651,11.78,19.74,take_profit,100,3,0.18,1.08,0.92
AUDCAD,mean_reversion,buy,2026-07-20 00:15:00+00:00,2026-07-20 00:45:00+00:00,0.97539,0.97482,0.97653,0.97653,11.37,20.03,take_profit,80.0,3,0.19,1.14,0.97
AUDCAD,mean_reversion,buy,2026-07-20 00:30:00+00:00,2026-07-20 01:00:00+00:00,0.97548,0.97488,0.97669,0.97669,12.07,20.27,take_profit,70.0,3,0.18,1.08,0.92
GBPJPY,mean_reversion,buy,2025-07-21 00:00:00+00:00,2025-07-21 01:00:00+00:00,198.492,198.33079,198.81443,198.81443,3224.26,6.26,take_profit,100,3,0.04,0.24,0.0
GBPJPY,mean_reversion,buy,2025-07-21 00:15:00+00:00,2025-07-21 01:00:00+00:00,198.628,198.46473,198.95454,198.95454,3265.39,6.33,take_profit,90.0,3,0.04,0.24,0.0
GBPJPY,mean_reversion,buy,2025-12-15 05:00:00+00:00,2025-12-15 06:00:00+00:00,207.628,207.50134,207.88133,207.50134,-1266.63,-4.02,stop_loss,70.0,3,0.06,0.36,0.0
GBPJPY,mean_reversion,buy,2026-01-19 00:00:00+00:00,2026-01-19 01:15:00+00:00,210.702,210.5551,210.9958,210.9958,2938.0,6.67,take_profit,100,3,0.05,0.3,0.0
GBPJPY,mean_reversion,buy,2026-01-19 00:15:00+00:00,2026-01-19 01:15:00+00:00,210.747,210.59831,211.04439,211.04439,2973.85,6.75,take_profit,90.0,3,0.05,0.3,0.0
GBPJPY,mean_reversion,buy,2026-01-19 00:30:00+00:00,2026-01-19 01:30:00+00:00,210.784,210.64036,211.07129,211.07129,2872.87,6.51,take_profit,70.0,3,0.05,0.3,0.0
GBPJPY,mean_reversion,buy,2026-01-26 00:30:00+00:00,2026-01-26 01:15:00+00:00,211.068,210.727,211.75001,211.75001,6820.06,6.34,take_profit,100,3,0.02,0.12,0.0
GBPJPY,mean_reversion,buy,2026-03-19 00:00:00+00:00,2026-03-19 03:00:00+00:00,211.734,211.5916,212.01879,212.01879,2847.93,7.71,take_profit,70.0,3,0.06,0.36,0.0
GBPJPY,mean_reversion,buy,2026-04-13 00:00:00+00:00,2026-04-13 01:00:00+00:00,213.654,213.51166,213.93867,213.93867,2846.75,7.63,take_profit,90.0,3,0.06,0.36,0.0
GBPJPY,mean_reversion,buy,2026-05-11 00:00:00+00:00,2026-05-11 01:00:00+00:00,212.333,212.14495,212.7091,212.7091,3761.04,8.56,take_profit,100,3,0.05,0.3,0.0
GBPJPY,mean_reversion,buy,2026-05-11 00:15:00+00:00,2026-05-11 01:00:00+00:00,212.434,212.24538,212.81124,212.81124,3772.4,8.58,take_profit,90.0,3,0.05,0.3,0.0
GBPJPY,mean_reversion,buy,2026-06-15 00:15:00+00:00,2026-06-15 01:00:00+00:00,214.415,214.32511,214.59478,214.59478,1797.79,9.34,take_profit,80.0,3,0.12,0.72,0.0
GBPJPY,mean_reversion,buy,2026-06-22 00:00:00+00:00,2026-06-22 01:00:00+00:00,212.667,212.50997,212.98105,212.98105,3140.5,9.92,take_profit,90.0,3,0.07,0.42,0.0
GBPJPY,mean_reversion,buy,2026-08-24 00:15:00+00:00,2026-08-24 01:00:00+00:00,216.388,216.29107,216.58185,216.58185,1938.55,10.03,take_profit,80.0,3,0.12,0.72,0.0
GBPJPY,mean_reversion,buy,2026-09-03 00:00:00+00:00,2026-09-03 02:00:00+00:00,213.891,213.75461,214.16378,214.16378,2727.83,10.94,take_profit,70.0,3,0.09,0.54,0.0
GBPJPY,mean_reversion,buy,2026-09-03 05:15:00+00:00,2026-09-03 06:00:00+00:00,213.209,213.0374,213.55221,213.0374,-1716.03,-6.92,stop_loss,80.0,3,0.08,0.48,0.0
EURJPY,mean_reversion,buy,2025-07-21 00:00:00+00:00,2025-07-21 00:45:00+00:00,172.048,171.9129,172.3182,172.3182,2701.98,6.04,take_profit,100,3,0.04,0.24,0.0
EURJPY,mean_reversion,buy,2025-07-21 00:15:00+00:00,2025-07-21 01:00:00+00:00,172.146,172.01234,172.41333,172.41333,2673.27,5.97,take_profit,90.0,3,0.04,0.24,0.0
EURJPY,mean_reversion,buy,2025-08-11 00:30:00+00:00,2025-08-11 01:00:00+00:00,171.783,171.69579,171.95742,171.95742,1744.25,6.69,take_profit,70.0,3,0.07,0.42,0.0
EURJPY,mean_reversion,buy,2025-12-15 05:00:00+00:00,2025-12-15 06:00:00+00:00,182.41,182.31682,182.59636,182.31682,-931.82,-4.0,stop_loss,70.0,3,0.07,0.42,0.0
EURJPY,mean_reversion,buy,2026-01-05 00:45:00+00:00,2026-01-05 01:30:00+00:00,183.541,183.46363,183.69574,183.69574,1547.41,6.26,take_profit,80.0,3,0.08,0.48,0.0
EURJPY,mean_reversion,buy,2026-01-19 00:00:00+00:00,2026-01-19 01:15:00+00:00,182.854,182.74669,183.06861,183.06861,2146.13,6.68,take_profit,100,3,0.06,0.36,0.0
EURJPY,mean_reversion,buy,2026-01-19 00:15:00+00:00,2026-01-19 01:15:00+00:00,182.797,182.6885,183.014,183.014,2169.97,6.76,take_profit,90.0,3,0.06,0.36,0.0
EURJPY,mean_reversion,buy,2026-01-19 00:30:00+00:00,2026-01-19 01:15:00+00:00,182.829,182.71682,183.05335,183.05335,2243.55,7.0,take_profit,70.0,3,0.06,0.36,0.0
EURJPY,mean_reversion,buy,2026-01-26 00:30:00+00:00,2026-01-26 01:15:00+00:00,183.318,183.04254,183.86893,183.86893,5509.27,8.84,take_profit,90.0,3,0.03,0.18,0.0
EURJPY,mean_reversion,buy,2026-03-19 00:00:00+00:00,2026-03-19 03:15:00+00:00,183.024,182.91914,183.23372,183.23372,2097.18,8.68,take_profit,70.0,3,0.08,0.48,0.0
EURJPY,mean_reversion,buy,2026-04-13 00:00:00+00:00,2026-04-13 01:00:00+00:00,186.181,186.07027,186.40246,186.40246,2214.61,9.03,take_profit,90.0,3,0.08,0.48,0.0
EURJPY,mean_reversion,buy,2026-04-23 00:00:00+00:00,2026-04-23 01:15:00+00:00,186.571,186.51337,186.68627,186.68627,1152.68,8.92,take_profit,70.0,3,0.16,0.96,0.0
EURJPY,mean_reversion,buy,2026-06-08 00:45:00+00:00,2026-06-08 01:00:00+00:00,184.434,184.32842,184.64515,184.64515,2111.53,9.76,take_profit,70.0,3,0.09,0.54,0.0
EURJPY,mean_reversion,buy,2026-08-24 00:15:00+00:00,2026-08-24 01:00:00+00:00,185.366,185.30167,185.49466,185.49466,1286.6,10.14,take_profit,80.0,3,0.16,0.96,0.0
EURJPY,mean_reversion,buy,2026-09-03 05:15:00+00:00,2026-09-03 06:00:00+00:00,183.221,183.0819,183.4992,183.0819,-1390.98,-6.56,stop_loss,80.0,3,0.08,0.48,0.0
EURUSD,mean_reversion,buy,2025-06-23 00:00:00+00:00,2025-06-23 01:30:00+00:00,1.1468,1.14569,1.14902,1.14902,22.21,5.5,take_profit,90.0,3,0.03,0.18,0.13
EURUSD,mean_reversion,buy,2025-06-23 00:30:00+00:00,2025-06-23 01:30:00+00:00,1.1468,1.14572,1.14896,1.14896,21.65,5.35,take_profit,80.0,3,0.03,0.18,0.13
EURUSD,mean_reversion,buy,2026-01-05 05:00:00+00:00,2026-01-05 05:15:00+00:00,1.16829,1.16766,1.16956,1.16766,-6.34,-3.87,stop_loss,70.0,3,0.06,0.36,0.26
EURUSD,mean_reversion,buy,2026-01-05 05:15:00+00:00,2026-01-05 08:15:00+00:00,1.16738,1.16671,1.16872,1.16872,13.41,6.28,take_profit,80.0,3,0.06,0.36,0.26
EURUSD,mean_reversion,buy,2026-01-05 05:30:00+00:00,2026-01-05 08:30:00+00:00,1.16756,1.16691,1.16887,1.16887,13.05,6.09,take_profit,70.0,3,0.06,0.36,0.26
EURUSD,mean_reversion,buy,2026-03-02 00:00:00+00:00,2026-03-02 03:00:00+00:00,1.17637,1.1755,1.17811,1.17811,17.43,6.9,take_profit,90.0,3,0.05,0.3,0.21
EURUSD,mean_reversion,buy,2026-03-02 00:15:00+00:00,2026-03-02 03:00:00+00:00,1.17607,1.17521,1.17779,1.17779,17.24,6.82,take_profit,100,3,0.05,0.3,0.21
EURUSD,mean_reversion,buy,2026-04-13 00:45:00+00:00,2026-04-13 03:45:00+00:00,1.16689,1.16599,1.16869,1.16869,18.0,7.2,take_profit,70.0,3,0.05,0.3,0.21
EURUSD,mean_reversion,buy,2026-04-13 00:00:00+00:00,2026-04-13 04:00:00+00:00,1.16693,1.166,1.16878,1.16878,18.52,7.42,take_profit,100,3,0.05,0.3,0.21
EURUSD,mean_reversion,buy,2026-04-20 00:30:00+00:00,2026-04-20 03:00:00+00:00,1.17304,1.17216,1.17481,1.17481,17.66,8.42,take_profit,80.0,3,0.06,0.36,0.26
EURUSD,mean_reversion,buy,2026-04-20 00:00:00+00:00,2026-04-20 03:30:00+00:00,1.17374,1.17281,1.1756,1.1756,18.6,8.89,take_profit,90.0,3,0.06,0.36,0.26
EURUSD,mean_reversion,buy,2026-04-20 00:15:00+00:00,2026-04-20 04:30:00+00:00,1.17391,1.17303,1.17566,1.17566,17.53,8.34,take_profit,70.0,3,0.06,0.36,0.26
EURGBP,mean_reversion,buy,2025-12-15 00:00:00+00:00,2025-12-15 01:00:00+00:00,0.87685,0.87644,0.87767,0.87767,8.19,4.9,take_profit,80.0,3,0.06,0.36,0.34
EURGBP,mean_reversion,buy,2026-03-16 00:00:00+00:00,2026-03-16 00:30:00+00:00,0.86236,0.86199,0.86311,0.86311,7.47,5.24,take_profit,80.0,3,0.07,0.42,0.41
EURGBP,mean_reversion,buy,2026-07-20 00:00:00+00:00,2026-07-20 00:30:00+00:00,0.84884,0.84856,0.8494,0.8494,5.6,5.41,take_profit,80.0,3,0.1,0.6,0.59
EURGBP,mean_reversion,buy,2026-08-31 00:00:00+00:00,2026-08-31 01:00:00+00:00,0.85496,0.85468,0.85552,0.85552,5.57,5.86,take_profit,90.0,3,0.11,0.66,0.64
EURGBP,mean_reversion,buy,2026-08-31 00:15:00+00:00,2026-08-31 01:00:00+00:00,0.85502,0.85475,0.85556,0.85556,5.43,5.68,take_profit,70.0,3,0.11,0.66,0.64
EURGBP,mean_reversion,buy,2026-08-31 00:45:00+00:00,2026-08-31 01:00:00+00:00,0.85487,0.85457,0.85546,0.85546,5.94,5.77,take_profit,70.0,3,0.1,0.6,0.58
USDJPY,mean_reversion,buy,2025-07-21 00:00:00+00:00,2025-07-21 01:00:00+00:00,147.988,147.85049,148.26301,148.26301,2750.12,5.39,take_profit,90.0,3,0.03,0.18,0.0
USDJPY,mean_reversion,buy,2026-01-26 00:00:00+00:00,2026-01-26 00:30:00+00:00,155.066,154.781,155.63601,154.781,-2850.04,-3.8,stop_loss,100,3,0.02,0.12,0.0
USDJPY,mean_reversion,buy,2026-01-26 00:15:00+00:00,2026-01-26 00:30:00+00:00,155.091,154.81721,155.63858,154.81721,-2737.9,-3.65,stop_loss,80.0,3,0.02,0.12,0.0
USDJPY,mean_reversion,buy,2026-05-25 00:15:00+00:00,2026-05-25 02:45:00+00:00,158.796,158.72851,158.93098,158.93098,1349.82,5.53,take_profit,90.0,3,0.07,0.42,0.0
USDJPY,mean_reversion,buy,2026-05-25 00:30:00+00:00,2026-05-25 02:45:00+00:00,158.813,158.74176,158.95548,158.95548,1424.83,5.86,take_profit,70.0,3,0.07,0.42,0.0
USDJPY,mean_reversion,buy,2026-05-25 00:00:00+00:00,2026-05-25 10:00:00+00:00,158.822,158.75378,158.95844,158.95844,1364.42,5.59,take_profit,80.0,3,0.07,0.42,0.0
USDJPY,mean_reversion,buy,2026-06-15 00:15:00+00:00,2026-06-15 00:30:00+00:00,159.93,159.87557,160.03887,159.87557,-544.34,-4.01,stop_loss,80.0,3,0.1,0.6,0.0
USDJPY,mean_reversion,buy,2026-06-15 00:45:00+00:00,2026-06-15 01:15:00+00:00,159.792,159.73147,159.91305,159.91305,1210.54,6.28,take_profit,90.0,3,0.09,0.54,0.0
USDJPY,mean_reversion,buy,2026-06-15 00:30:00+00:00,2026-06-15 02:00:00+00:00,159.828,159.76674,159.95052,159.95052,1225.2,6.36,take_profit,90.0,3,0.09,0.54,0.0
USDJPY,mean_reversion,buy,2026-08-03 00:00:00+00:00,2026-08-03 01:00:00+00:00,157.445,157.07079,158.19342,157.07079,-3742.09,-4.87,stop_loss,70.0,3,0.02,0.12,0.0
USDJPY,mean_reversion,buy,2026-08-24 00:30:00+00:00,2026-08-24 00:45:00+00:00,158.605,158.52684,158.76131,158.76131,1563.14,6.48,take_profit,90.0,3,0.07,0.42,0.0
USDJPY,mean_reversion,buy,2026-09-03 05:15:00+00:00,2026-09-03 06:00:00+00:00,158.091,157.94989,158.37323,157.94989,-1411.14,-3.81,stop_loss,80.0,3,0.04,0.24,0.0
USDJPY,mean_reversion,buy,2026-09-03 05:45:00+00:00,2026-09-03 06:00:00+00:00,158.028,157.87762,158.32877,157.87762,-1503.84,-4.05,stop_loss,70.0,3,0.04,0.24,0.0
USDCAD,mean_reversion,buy,2026-07-23 05:45:00+00:00,2026-07-23 07:00:00+00:00,1.40654,1.40619,1.40725,1.40619,-3.53,-4.16,stop_loss,70.0,3,0.12,0.72,0.43
